sample_name,-3.12,-3.1008,-3.08161,-3.06241,-3.04322,-3.02402,-3.00482,-2.98563,-2.96643,-2.94724,-2.92804,-2.90884,-2.88965,-2.87045,-2.85126,-2.83206,-2.81286,-2.79367,-2.77447,-2.75528,-2.73608,-2.71688,-2.69769,-2.67849,-2.6593,-2.6401,-2.6209,-2.60171,-2.58251,-2.56332,-2.54412,-2.52492,-2.50573,-2.48653,-2.46734,-2.44814,-2.42894,-2.40975,-2.39055,-2.37136,-2.35216,-2.33296,-2.31377,-2.29457,-2.27538,-2.25618,-2.23698,-2.21779,-2.19859,-2.1794,-2.1602,-2.14101,-2.12181,-2.10261,-2.08342,-2.06422,-2.04503,-2.02583,-2.00663,-1.98744,-1.96824,-1.94905,-1.92985,-1.91065,-1.89146,-1.87226,-1.85307,-1.83387,-1.81467,-1.79548,-1.77628,-1.75709,-1.73789,-1.71869,-1.6995,-1.6803,-1.66111,-1.64191,-1.62271,-1.60352,-1.58432,-1.56513,-1.54593,-1.52673,-1.50754,-1.48834,-1.46915,-1.44995,-1.43075,-1.41156,-1.39236,-1.37317,-1.35397,-1.33477,-1.31558,-1.29638,-1.27719,-1.25799,-1.23879,-1.2196,-1.2004,-1.18121,-1.16201,-1.14281,-1.12362,-1.10442,-1.08523,-1.06603,-1.04683,-1.02764,-1.00844,-0.98925,-0.97005,-0.95085,-0.93166,-0.91246,-0.89327,-0.87407,-0.85487,-0.83568,-0.81648,-0.79729,-0.77809,-0.75889,-0.7397,-0.7205,-0.70131,-0.68211,-0.66291,-0.64372,-0.62452,-0.60533,-0.58613,-0.56693,-0.54774,-0.52854,-0.50935,-0.49015,-0.47095,-0.45176,-0.43256,-0.41337,-0.39417,-0.37497,-0.35578,-0.33658,-0.31739,-0.29819,-0.27899,-0.2598,-0.2406,-0.22141,-0.20221,-0.18302,-0.16382,-0.14462,-0.12543,-0.10623,-0.08704,-0.06784,-0.04864,-0.02945,-0.01025,0.00894,0.02814,0.04734,0.06653,0.08573,0.10492,0.12412,0.14332,0.16251,0.18171,0.2009,0.2201,0.2393,0.25849,0.27769,0.29688,0.31608,0.33528,0.35447,0.37367,0.39286,0.41206,0.43126,0.45045,0.46965,0.48884,0.50804,0.52724,0.54643,0.56563,0.58482,0.60402,0.62322,0.64241,0.66161,0.6808,0.7
A78R,93.3168,93.31497,93.31303,93.31099,93.30884,93.30656,93.30416,93.30162,93.29894,93.29611,93.29312,93.28997,93.28663,93.28312,93.2794,93.27548,93.27134,93.26696,93.26235,93.25747,93.25232,93.24689,93.24115,93.23509,93.22869,93.22194,93.21481,93.20728,93.19933,93.19094,93.18208,93.17272,93.16284,93.15242,93.14141,93.12979,93.11752,93.10457,93.0909,93.07647,93.06124,93.04516,93.02819,93.01027,92.99136,92.9714,92.95034,92.92811,92.90465,92.87989,92.85376,92.82618,92.79709,92.76639,92.73399,92.69982,92.66376,92.62572,92.58559,92.54326,92.49861,92.45152,92.40186,92.34948,92.29425,92.23602,92.17462,92.10989,92.04166,91.96974,91.89394,91.81407,91.72991,91.64123,91.54783,91.44944,91.34583,91.23672,91.12186,91.00094,90.87368,90.73978,90.59889,90.45071,90.29487,90.13102,89.95879,89.77779,89.58763,89.3879,89.17817,88.95801,88.72698,88.48462,88.23046,87.96403,87.68483,87.39237,87.08615,86.76567,86.43041,86.07986,85.71351,85.33084,84.93134,84.51452,84.07988,83.62694,83.15524,82.66433,82.15378,81.62321,81.07223,80.50053,79.90779,79.29377,78.65826,78.00111,77.32222,76.62155,75.89913,75.15504,74.38945,73.6026,72.79482,71.9665,71.11812,70.25025,69.36355,68.45875,67.53667,66.59823,65.64441,64.67628,63.69499,62.70175,61.69783,60.68459,59.66341,58.63573,57.60303,56.56682,55.52861,54.48995,53.45238,52.41744,51.38663,50.36147,49.3434,48.33385,47.33419,46.34574,45.36975,44.40741,43.45982,42.52803,41.613,40.71559,39.83659,38.97671,38.13657,37.31669,36.51752,35.73944,34.98272,34.24757,33.53414,32.84248,32.17259,31.52441,30.89781,30.29263,29.70862,29.14553,28.60303,28.08079,27.57842,27.0955,26.63162,26.18631,25.7591,25.3495,24.95703,24.58117,24.22142,23.87725,23.54817,23.23365,22.93319,22.64627,22.37241,22.11111,21.86189,21.62427,21.3978,21.18201,20.97647,20.78075,20.59443,20.4171
A79S,92.29147,92.2892,92.28678,92.2842,92.28145,92.27851,92.27539,92.27205,92.2685,92.26471,92.26067,92.25637,92.25178,92.24689,92.24167,92.23611,92.23019,92.22387,92.21714,92.20996,92.20232,92.19416,92.18547,92.17621,92.16634,92.15582,92.1446,92.13265,92.11991,92.10633,92.09186,92.07644,92.06001,92.04249,92.02383,92.00395,91.98276,91.96018,91.93612,91.91049,91.88318,91.85409,91.82309,91.79007,91.7549,91.71744,91.67754,91.63505,91.58979,91.5416,91.49029,91.43565,91.37749,91.31557,91.24966,91.17951,91.10486,91.02543,90.94092,90.85101,90.75539,90.65369,90.54555,90.43058,90.30837,90.1785,90.0405,89.8939,89.7382,89.57288,89.39739,89.21114,89.01355,88.80398,88.58178,88.34627,88.09675,87.83247,87.5527,87.25664,86.94349,86.61244,86.26262,85.8932,85.50328,85.09198,84.6584,84.20166,83.72085,83.21508,82.68349,82.1252,81.53939,80.92527,80.28208,79.60912,78.90575,78.17141,77.40559,76.60792,75.77808,74.91591,74.02134,73.09445,72.13545,71.14472,70.12278,69.07033,67.98822,66.8775,65.73938,64.57525,63.38667,62.17537,60.94324,59.69232,58.42481,57.14301,55.84935,54.54634,53.23658,51.9227,50.6074,49.29336,47.98327,46.67978,45.38547,44.10288,42.83443,41.58245,40.34911,39.13649,37.94647,36.78081,35.64106,34.52864,33.44476,32.39047,31.36666,30.37401,29.41307,28.48422,27.58768,26.72353,25.89173,25.09211,24.32437,23.58812,22.88288,22.20809,21.56311,20.94724,20.35973,19.79979,19.26659,18.75928,18.27698,17.81879,17.38384,16.97121,16.58001,16.20936,15.85838,15.5262,15.21199,14.91492,14.63417,14.36898,14.11858,13.88224,13.65925,13.44893,13.25062,13.06371,12.88757,12.72165,12.56538,12.41825,12.27974,12.14938,12.02672,11.91132,11.80278,11.7007,11.60471,11.51447,11.42964,11.3499,11.27497,11.20456,11.1384,11.07624,11.01786,10.96301,10.9115,10.86313,10.8177,10.77504,10.73499,10.69738
D102A,97.18564,97.14815,97.10939,97.0693,97.02784,96.98498,96.94066,96.89483,96.84744,96.79845,96.7478,96.69543,96.6413,96.58533,96.52748,96.46767,96.40586,96.34196,96.27592,96.20767,96.13713,96.06423,95.9889,95.91106,95.83063,95.74753,95.66167,95.57297,95.48133,95.38668,95.2889,95.18792,95.08362,94.97592,94.8647,94.74985,94.63128,94.50886,94.38249,94.25204,94.1174,93.97845,93.83505,93.68709,93.53443,93.37693,93.21447,93.0469,92.87408,92.69586,92.51211,92.32267,92.12739,91.92612,91.71869,91.50496,91.28475,91.05792,90.82428,90.58369,90.33596,90.08093,89.81842,89.54827,89.27031,88.98435,88.69023,88.38777,88.07679,87.75713,87.4286,87.09104,86.74428,86.38815,86.02247,85.64709,85.26184,84.86656,84.46111,84.04532,83.61905,83.18217,82.73453,82.27601,81.80648,81.32584,80.83397,80.33077,79.81616,79.29005,78.75238,78.20309,77.64212,77.06945,76.48505,75.88892,75.28104,74.66146,74.03018,73.38728,72.7328,72.06683,71.38946,70.70082,70.00102,69.29022,68.56859,67.8363,67.09357,66.3406,65.57765,64.80497,64.02283,63.23153,62.43138,61.62271,60.80587,59.98121,59.14912,58.30999,57.46423,56.61227,55.75454,54.8915,54.0236,53.15132,52.27515,51.39558,50.5131,49.62822,48.74146,47.85333,46.96436,46.07506,45.18596,44.29758,43.41045,42.52507,41.64196,40.76164,39.8846,39.01133,38.14233,37.27807,36.41901,35.56562,34.71832,33.87754,33.04371,32.21722,31.39845,30.58777,29.78552,28.99205,28.20767,27.43267,26.66734,25.91194,25.16671,24.43187,23.70764,22.99421,22.29173,21.60037,20.92027,20.25153,19.59426,18.94855,18.31445,17.69203,17.08132,16.48234,15.8951,15.3196,14.7558,14.20369,13.66321,13.13431,12.61692,12.11097,11.61636,11.13301,10.6608,10.19963,9.74937,9.30989,8.88107,8.46276,8.05481,7.65709,7.26943,6.89167,6.52366,6.16523,5.81622,5.47645,5.14575,4.82396,4.5109,4.20639
D102R,88.12319,88.12317,88.12314,88.12311,88.12308,88.12304,88.123,88.12296,88.12291,88.12287,88.12281,88.12276,88.12269,88.12263,88.12256,88.12248,88.12239,88.1223,88.1222,88.12209,88.12198,88.12185,88.12171,88.12157,88.12141,88.12123,88.12105,88.12084,88.12062,88.12039,88.12013,88.11985,88.11955,88.11922,88.11887,88.11849,88.11807,88.11762,88.11714,88.11661,88.11604,88.11543,88.11476,88.11404,88.11326,88.11242,88.1115,88.11051,88.10944,88.10828,88.10703,88.10567,88.1042,88.10261,88.10088,88.09902,88.097,88.09481,88.09245,88.08989,88.08712,88.08412,88.08087,88.07736,88.07355,88.06944,88.06498,88.06016,88.05494,88.04929,88.04318,88.03656,88.0294,88.02164,88.01325,88.00418,87.99435,87.98372,87.97221,87.95976,87.94628,87.9317,87.91592,87.89885,87.88038,87.86039,87.83877,87.81538,87.79007,87.76269,87.73308,87.70105,87.6664,87.62893,87.58841,87.5446,87.49722,87.446,87.39063,87.33077,87.26609,87.19618,87.12064,87.03904,86.95089,86.85569,86.75289,86.64191,86.52212,86.39286,86.25341,86.10301,85.94085,85.76605,85.57771,85.37484,85.15641,84.92134,84.66846,84.39655,84.10436,83.79053,83.45368,83.09235,82.70503,82.29017,81.84617,81.3714,80.86418,80.32284,79.74569,79.13106,78.47728,77.78276,77.04595,76.26539,75.43975,74.56782,73.64857,72.68117,71.66499,70.59971,69.48525,68.32187,67.11017,65.85111,64.54605,63.19674,61.80533,60.37438,58.90687,57.40615,55.87594,54.3203,52.74359,51.15041,49.54558,47.93404,46.32084,44.71102,43.10962,41.52153,39.9515,38.40406,36.88347,35.39368,33.93828,32.52051,31.14319,29.80875,28.51921,27.27618,26.08088,24.93414,23.83644,22.78793,21.78845,20.83755,19.93455,19.07854,18.26842,17.50295,16.78074,16.10029,15.46005,14.8584,14.29365,13.76415,13.26819,12.8041,12.37022,11.96494,11.58666,11.23384,10.905,10.59871,10.31359,10.04831,9.80164,9.57237
D107R,86.18221,86.18197,86.1817,86.18142,86.18112,86.1808,86.18046,86.18009,86.17971,86.17929,86.17885,86.17839,86.17789,86.17735,86.17679,86.17618,86.17554,86.17485,86.17412,86.17334,86.17252,86.17163,86.17069,86.16969,86.16862,86.16748,86.16626,86.16497,86.16359,86.16212,86.16056,86.15889,86.15711,86.15522,86.1532,86.15106,86.14877,86.14633,86.14373,86.14096,86.13801,86.13486,86.13151,86.12794,86.12414,86.12009,86.11577,86.11117,86.10627,86.10105,86.09549,86.08957,86.08325,86.07653,86.06936,86.06173,86.0536,86.04494,86.03571,86.02588,86.01541,86.00425,85.99237,85.97972,85.96623,85.95188,85.93658,85.92029,85.90294,85.88447,85.86479,85.84383,85.82152,85.79776,85.77245,85.74551,85.71683,85.68629,85.65378,85.61916,85.58232,85.54311,85.50137,85.45695,85.40968,85.35938,85.30587,85.24893,85.18837,85.12395,85.05544,84.98258,84.90512,84.82276,84.73523,84.64219,84.54334,84.43831,84.32674,84.20826,84.08246,83.94891,83.80718,83.6568,83.49729,83.32814,83.14882,82.95878,82.75745,82.54424,82.31853,82.07968,81.82704,81.55994,81.27768,80.97954,80.66482,80.33276,79.98263,79.61366,79.22512,78.81624,78.38627,77.93447,77.46012,76.96251,76.44098,75.89488,75.32361,74.72663,74.10344,73.45362,72.77681,72.07277,71.3413,70.58233,69.79591,68.98219,68.14144,67.27407,66.38063,65.46181,64.51845,63.55151,62.56213,61.55157,60.52126,59.47273,58.40767,57.32789,56.23528,55.13186,54.01973,52.90103,51.778,50.65287,49.5279,48.40537,47.28752,46.17654,45.0746,43.98378,42.90607,41.84336,40.79744,39.76997,38.76248,37.77637,36.81287,35.8731,34.95801,34.06842,33.20498,32.36823,31.55856,30.77622,30.02135,29.29397,28.59399,27.92122,27.27539,26.65613,26.06301,25.49552,24.95312,24.43519,23.94109,23.47014,23.02164,22.59486,22.18905,21.80347,21.43736,21.08996,20.76053,20.44832,20.1526,19.87263,19.60773,19.35719
D142A,87.31854,87.31673,87.31482,87.31281,87.31069,87.30846,87.30611,87.30363,87.30103,87.29828,87.29539,87.29235,87.28915,87.28577,87.28222,87.27848,87.27454,87.27039,87.26602,87.26142,87.25658,87.25148,87.24611,87.24045,87.23449,87.22822,87.22162,87.21467,87.20735,87.19964,87.19152,87.18298,87.17398,87.1645,87.15453,87.14403,87.13297,87.12133,87.10907,87.09617,87.08258,87.06828,87.05322,87.03737,87.02069,87.00312,86.98463,86.96517,86.94469,86.92312,86.90042,86.87653,86.85139,86.82493,86.79708,86.76777,86.73693,86.70447,86.67032,86.63438,86.59657,86.55679,86.51494,86.47091,86.42459,86.37587,86.32462,86.27073,86.21404,86.15444,86.09176,86.02585,85.95657,85.88373,85.80716,85.72668,85.6421,85.55323,85.45984,85.36173,85.25867,85.15042,85.03674,84.91737,84.79204,84.66049,84.52242,84.37754,84.22554,84.06609,83.89888,83.72355,83.53976,83.34714,83.14531,82.9339,82.7125,82.48071,82.23812,81.98429,81.71879,81.44119,81.15102,80.84784,80.53118,80.20058,79.85556,79.49566,79.12041,78.72933,78.32197,77.89786,77.45656,76.99763,76.52063,76.02517,75.51084,74.97728,74.42414,73.85112,73.25792,72.64431,72.01006,71.35503,70.67908,69.98215,69.26423,68.52535,67.76563,66.98522,66.18436,65.36335,64.52256,63.66243,62.78348,61.8863,60.97156,60.03999,59.09241,58.12971,57.15284,56.16281,55.16073,54.14772,53.12499,52.09379,51.05541,50.01117,48.96244,47.9106,46.85706,45.80321,44.75048,43.70026,42.65395,41.61292,40.57852,39.55204,38.53476,37.5279,36.53263,35.55005,34.58122,33.62712,32.68866,31.76669,30.86198,29.97522,29.10705,28.258,27.42855,26.61911,25.83,25.06148,24.31375,23.58693,22.8811,22.19627,21.53238,20.88933,20.267,19.66517,19.08362,18.52209,17.98028,17.45784,16.95442,16.46964,16.0031,15.55438,15.12304,14.70863,14.31071,13.9288,13.56245,13.21118,12.87453,12.55201,12.24317,11.94754
D142R,88.07775,88.07713,88.07647,88.07577,88.07503,88.07424,88.0734,88.07251,88.07157,88.07057,88.06951,88.06839,88.06719,88.06592,88.06458,88.06315,88.06164,88.06003,88.05833,88.05652,88.0546,88.05257,88.05041,88.04812,88.04569,88.04311,88.04037,88.03746,88.03438,88.03111,88.02764,88.02396,88.02006,88.01591,88.01151,88.00685,88.0019,87.99665,87.99108,87.98517,87.9789,87.97224,87.96519,87.9577,87.94975,87.94132,87.93238,87.9229,87.91283,87.90216,87.89084,87.87882,87.86608,87.85256,87.83822,87.82301,87.80688,87.78977,87.77162,87.75237,87.73195,87.7103,87.68734,87.66298,87.63716,87.60977,87.58073,87.54994,87.5173,87.48268,87.44598,87.40708,87.36584,87.32212,87.27578,87.22667,87.17462,87.11946,87.06101,86.99908,86.93346,86.86396,86.79033,86.71235,86.62976,86.54231,86.44972,86.3517,86.24795,86.13814,86.02195,85.89902,85.76898,85.63145,85.48602,85.33227,85.16977,84.99805,84.81664,84.62503,84.42272,84.20915,83.98378,83.74602,83.49529,83.23097,82.95242,82.65899,82.35003,82.02484,81.68275,81.32303,80.94498,80.54787,80.13099,79.69359,79.23497,78.7544,78.25117,77.72459,77.17399,76.59872,75.99817,75.37177,74.71897,74.03929,73.33232,72.59769,71.83511,71.04438,70.22537,69.37806,68.50253,67.59895,66.66763,65.70897,64.72352,63.71193,62.67502,61.61369,60.52902,59.42219,58.29452,57.14745,55.98255,54.80149,53.60604,52.39809,51.17959,49.95258,48.71912,47.48137,46.24148,45.00163,43.764,42.53075,41.304,40.08586,38.87834,37.68339,36.50289,35.33862,34.19224,33.06531,31.95928,30.87544,29.815,28.779,27.76837,26.78389,25.82623,24.89593,23.99338,23.11888,22.27262,21.45465,20.66496,19.90342,19.16981,18.46385,17.78517,17.13336,16.50791,15.90831,15.33396,14.78426,14.25855,13.75617,13.27642,12.81859,12.38196,11.96582,11.56943,11.19207,10.83301,10.49155,10.16698,9.8586,9.56574,9.28772
D80A,90.91268,90.91267,90.91267,90.91267,90.91266,90.91266,90.91265,90.91264,90.91264,90.91263,90.91262,90.91262,90.91261,90.9126,90.91259,90.91258,90.91257,90.91255,90.91254,90.91253,90.91251,90.9125,90.91248,90.91246,90.91245,90.91242,90.9124,90.91238,90.91236,90.91233,90.9123,90.91227,90.91224,90.9122,90.91217,90.91213,90.91208,90.91204,90.91199,90.91194,90.91188,90.91182,90.91176,90.91169,90.91162,90.91154,90.91145,90.91137,90.91127,90.91117,90.91106,90.91094,90.91082,90.91068,90.91054,90.91039,90.91022,90.91005,90.90986,90.90966,90.90945,90.90922,90.90897,90.90871,90.90843,90.90813,90.90781,90.90747,90.9071,90.90671,90.90629,90.90584,90.90536,90.90484,90.90429,90.9037,90.90308,90.9024,90.90168,90.90091,90.90009,90.89921,90.89827,90.89726,90.89618,90.89503,90.8938,90.89248,90.89107,90.88956,90.88795,90.88622,90.88437,90.8824,90.88029,90.87803,90.87561,90.87303,90.87027,90.86731,90.86415,90.86077,90.85715,90.85329,90.84915,90.84473,90.84,90.83494,90.82953,90.82375,90.81756,90.81095,90.80387,90.79631,90.78822,90.77957,90.77032,90.76043,90.74986,90.73855,90.72647,90.71355,90.69973,90.68497,90.66918,90.65231,90.63427,90.615,90.59439,90.57238,90.54885,90.5237,90.49684,90.46813,90.43747,90.40471,90.36972,90.33235,90.29244,90.24982,90.20432,90.15575,90.1039,90.04856,89.98952,89.92652,89.85931,89.78764,89.71121,89.62973,89.54289,89.45034,89.35176,89.24676,89.13497,89.01597,88.88936,88.75469,88.6115,88.45931,88.29762,88.12592,87.94368,87.75034,87.54534,87.3281,87.09803,86.85453,86.59698,86.32477,86.03729,85.73391,85.41403,85.07705,84.72238,84.34948,83.9578,83.54684,83.11615,82.66531,82.19399,81.70188,81.18877,80.65454,80.09912,79.52257,78.92505,78.30681,77.66823,77.0098,76.33216,75.63605,74.92235,74.19205,73.44628,72.68628,71.91343,71.12917,70.33507,69.53278
D85A,111.06938,111.06844,111.06746,111.06641,111.06531,111.06414,111.0629,111.06159,111.0602,111.05874,111.05719,111.05554,111.05381,111.05197,111.05002,111.04796,111.04579,111.04348,111.04104,111.03846,111.03573,111.03284,111.02979,111.02655,111.02313,111.01951,111.01568,111.01163,111.00734,111.0028,110.998,110.99292,110.98755,110.98186,110.97585,110.96948,110.96275,110.95562,110.94808,110.94011,110.93167,110.92275,110.9133,110.90331,110.89275,110.88157,110.86974,110.85723,110.84399,110.82999,110.81518,110.79952,110.78295,110.76542,110.74689,110.72728,110.70655,110.68462,110.66142,110.63689,110.61096,110.58353,110.55452,110.52385,110.49143,110.45714,110.42089,110.38257,110.34206,110.29924,110.25398,110.20614,110.15557,110.10214,110.04568,109.98602,109.92298,109.85639,109.78604,109.71174,109.63326,109.55039,109.46289,109.3705,109.27298,109.17004,109.06141,108.94678,108.82584,108.69828,108.56374,108.42188,108.27232,108.11469,107.94858,107.77357,107.58924,107.39514,107.1908,106.97575,106.74949,106.51152,106.26131,105.99833,105.72202,105.43182,105.12716,104.80744,104.47209,104.1205,103.75205,103.36615,102.96219,102.53955,102.09764,101.63586,101.15363,100.65038,100.12557,99.57868,99.00921,98.41669,97.80072,97.1609,96.49692,95.80849,95.09541,94.35752,93.59476,92.80712,91.99468,91.15762,90.2962,89.41077,88.5018,87.56983,86.61554,85.63968,84.64314,83.62689,82.592,81.53966,80.47116,79.38785,78.29119,77.18273,76.06406,74.93686,73.80284,72.66378,71.52146,70.37771,69.23435,68.09322,66.9561,65.8248,64.70106,63.58658,62.483,61.3919,60.31479,59.25307,58.20809,57.18108,56.17317,55.18541,54.21873,53.27395,52.3518,51.45289,50.57774,49.72675,48.90026,48.09847,47.32152,46.56946,45.84226,45.1398,44.46192,43.80837,43.17885,42.57301,41.99046,41.43076,40.89342,40.37795,39.88381,39.41045,38.95729,38.52374,38.10921,37.71309,37.33477,36.97365,36.62911,36.30056,35.98739,35.68902,35.40486,35.13435
D85R,100.46744,100.46714,100.46681,100.46647,100.46612,100.46574,100.46534,100.46492,100.46447,100.464,100.46351,100.46298,100.46243,100.46185,100.46124,100.46059,100.4599,100.45918,100.45842,100.45761,100.45676,100.45586,100.45492,100.45392,100.45286,100.45175,100.45057,100.44933,100.44802,100.44664,100.44518,100.44365,100.44202,100.44031,100.4385,100.43659,100.43457,100.43245,100.4302,100.42783,100.42533,100.42269,100.41991,100.41697,100.41387,100.41059,100.40714,100.40349,100.39964,100.39558,100.39129,100.38677,100.382,100.37696,100.37164,100.36603,100.36011,100.35387,100.34727,100.34032,100.33298,100.32523,100.31706,100.30843,100.29933,100.28973,100.2796,100.26891,100.25763,100.24573,100.23317,100.21993,100.20596,100.19121,100.17566,100.15926,100.14195,100.1237,100.10445,100.08414,100.06272,100.04013,100.0163,99.99118,99.96468,99.93674,99.90729,99.87622,99.84348,99.80895,99.77256,99.7342,99.69377,99.65115,99.60624,99.55891,99.50905,99.45651,99.40117,99.34287,99.28147,99.2168,99.14871,99.07702,99.00155,98.92212,98.83852,98.75055,98.658,98.56066,98.45828,98.35062,98.23745,98.1185,97.99351,97.8622,97.72428,97.57946,97.42743,97.26789,97.10051,96.92496,96.74091,96.54801,96.3459,96.13423,95.91263,95.68075,95.43819,95.1846,94.91958,94.64278,94.35381,94.05231,93.7379,93.41023,93.06895,92.71373,92.34425,91.96019,91.56127,91.14723,90.71784,90.27287,89.81216,89.33555,88.84295,88.3343,87.80956,87.26876,86.71199,86.13937,85.55109,84.94738,84.32855,83.69496,83.04703,82.38524,81.71014,81.02234,80.3225,79.61135,78.88969,78.15834,77.4182,76.6702,75.91533,75.15461,74.38909,73.61985,72.84799,72.07462,71.30088,70.52789,69.75678,68.98864,68.22459,67.46569,66.71299,65.96749,65.23015,64.50191,63.78363,63.07615,62.38021,61.69654,61.02578,60.36852,59.72528,59.09653,58.48267,57.88403,57.30091,56.73352,56.18202,55.64653,55.12711,54.62377,54.13647,53.66514
F83A,109.4279,109.4279,109.4279,109.4279,109.4279,109.4279,109.4279,109.4279,109.4279,109.4279,109.4279,109.4279,109.4279,109.4279,109.4279,109.4279,109.4279,109.4279,109.4279,109.4279,109.4279,109.4279,109.4279,109.4279,109.4279,109.4279,109.4279,109.4279,109.4279,109.4279,109.4279,109.4279,109.4279,109.4279,109.4279,109.4279,109.4279,109.4279,109.4279,109.4279,109.4279,109.4279,109.4279,109.4279,109.4279,109.4279,109.4279,109.4279,109.4279,109.4279,109.4279,109.4279,109.4279,109.4279,109.4279,109.4279,109.4279,109.42789,109.42789,109.42789,109.42789,109.42789,109.42789,109.42789,109.42789,109.42789,109.42789,109.42789,109.42789,109.42788,109.42788,109.42788,109.42788,109.42787,109.42787,109.42787,109.42786,109.42786,109.42785,109.42785,109.42784,109.42783,109.42782,109.42781,109.4278,109.42779,109.42777,109.42776,109.42774,109.42771,109.42769,109.42766,109.42763,109.42759,109.42755,109.42751,109.42745,109.42739,109.42733,109.42725,109.42716,109.42706,109.42695,109.42683,109.42668,109.42652,109.42633,109.42612,109.42588,109.42561,109.4253,109.42496,109.42456,109.42411,109.4236,109.42303,109.42237,109.42163,109.42079,109.41983,109.41875,109.41752,109.41612,109.41454,109.41275,109.41071,109.40841,109.40579,109.40282,109.39946,109.39565,109.39132,109.38642,109.38086,109.37456,109.36743,109.35934,109.35017,109.33979,109.32803,109.31472,109.29964,109.28258,109.26328,109.24144,109.21676,109.18887,109.15736,109.12179,109.08166,109.03642,108.98547,108.92813,108.86367,108.79128,108.71011,108.61921,108.5176,108.40422,108.27795,108.13767,107.98221,107.8104,107.62114,107.41334,107.18605,106.93847,106.66999,106.38025,106.06921,105.73716,105.38483,105.01332,104.62424,104.21958,103.80181,103.37373,102.93848,102.49938,102.05992,101.62355,101.19368,100.77346,100.36579,99.9732,99.59781,99.24127,98.90483,98.58927,98.29499,98.02199,97.77,97.53845,97.32658,97.13344,96.95801,96.79916,96.65574,96.52659,96.41055
G75R,95.59206,95.59206,95.59206,95.59206,95.59206,95.59206,95.59206,95.59206,95.59206,95.59206,95.59206,95.59206,95.59206,95.59206,95.59206,95.59206,95.59206,95.59206,95.59206,95.59206,95.59206,95.59206,95.59206,95.59206,95.59206,95.59206,95.59206,95.59206,95.59206,95.59206,95.59206,95.59206,95.59206,95.59206,95.59206,95.59206,95.59206,95.59206,95.59206,95.59206,95.59206,95.59206,95.59206,95.59206,95.59206,95.59206,95.59206,95.59206,95.59206,95.59206,95.59206,95.59206,95.59206,95.59206,95.59206,95.59206,95.59206,95.59206,95.59206,95.59206,95.59206,95.59206,95.59206,95.59206,95.59206,95.59206,95.59206,95.59206,95.59206,95.59206,95.59206,95.59206,95.59206,95.59206,95.59206,95.59206,95.59206,95.59206,95.59206,95.59206,95.59206,95.59206,95.59206,95.59206,95.59206,95.59206,95.59206,95.59206,95.59206,95.59206,95.59206,95.59206,95.59206,95.59206,95.59206,95.59206,95.59206,95.59206,95.59206,95.59206,95.59206,95.59206,95.59206,95.59206,95.59206,95.59206,95.59206,95.59206,95.59206,95.59206,95.59206,95.59206,95.59206,95.59206,95.59206,95.59206,95.59206,95.59206,95.59206,95.59206,95.59206,95.59206,95.59206,95.59206,95.59206,95.59206,95.59206,95.59206,95.59206,95.59206,95.59206,95.59206,95.59206,95.59206,95.59206,95.59206,95.59206,95.59206,95.59206,95.59206,95.59206,95.59206,95.59206,95.59206,95.59206,95.59206,95.59206,95.59206,95.59206,95.59206,95.59206,95.59206,95.59206,95.59206,95.59206,95.59206,95.59205,95.59204,95.59202,95.59197,95.59189,95.59172,95.5914,95.59076,95.5895,95.58702,95.58216,95.57262,95.5539,95.51727,95.4459,95.308,95.04579,94.56208,93.71769,92.37654,90.53602,88.45877,86.57375,85.17299,84.27901,83.76262,83.48138,83.3331,83.25626,83.2168,83.19663,83.18634,83.18109,83.17843,83.17707,83.17638,83.17603,83.17585,83.17576,83.17571,83.17569,83.17567,83.17567,83.17567
G82R,88.99894,88.99893,88.99893,88.99893,88.99892,88.99892,88.99892,88.99891,88.99891,88.9989,88.9989,88.99889,88.99888,88.99888,88.99887,88.99886,88.99885,88.99884,88.99883,88.99882,88.99881,88.9988,88.99879,88.99877,88.99876,88.99874,88.99873,88.99871,88.99869,88.99867,88.99864,88.99862,88.99859,88.99856,88.99853,88.9985,88.99847,88.99843,88.99839,88.99835,88.9983,88.99825,88.9982,88.99814,88.99808,88.99802,88.99795,88.99787,88.99779,88.9977,88.99761,88.99751,88.9974,88.99729,88.99717,88.99703,88.99689,88.99674,88.99658,88.9964,88.99621,88.99601,88.9958,88.99557,88.99532,88.99505,88.99477,88.99446,88.99413,88.99378,88.9934,88.99299,88.99256,88.99209,88.99159,88.99105,88.99047,88.98986,88.98919,88.98848,88.98772,88.9869,88.98602,88.98507,88.98406,88.98298,88.98181,88.98056,88.97922,88.97779,88.97624,88.97459,88.97282,88.97091,88.96887,88.96668,88.96434,88.96182,88.95911,88.95622,88.95311,88.94977,88.9462,88.94236,88.93825,88.93383,88.9291,88.92402,88.91858,88.91274,88.90648,88.89976,88.89256,88.88483,88.87655,88.86767,88.85815,88.84793,88.83698,88.82524,88.81266,88.79916,88.7847,88.76919,88.75257,88.73475,88.71565,88.69518,88.67325,88.64975,88.62456,88.59758,88.56867,88.53771,88.50454,88.46903,88.43099,88.39027,88.34668,88.30002,88.25008,88.19664,88.13948,88.07834,88.01295,87.94305,87.86832,87.78848,87.70317,87.61207,87.5148,87.41099,87.30023,87.1821,87.05616,86.92196,86.77902,86.62685,86.46492,86.29273,86.10972,85.91533,85.70901,85.49016,85.2582,85.01255,84.75262,84.47783,84.18759,83.88135,83.55857,83.21872,82.86133,82.48596,82.09221,81.67973,81.24826,80.79758,80.32758,79.83821,79.32954,78.80174,78.25507,77.68993,77.10683,76.50641,75.88942,75.25677,74.60945,73.94862,73.27551,72.59149,71.89802,71.19663,70.48897,69.7767,69.06155,68.34527,67.62964,66.91641
H88A,93.55337,93.54951,93.54545,93.54116,93.53663,93.53186,93.52683,93.52153,93.51593,93.51003,93.50381,93.49724,93.49032,93.48302,93.47532,93.4672,93.45863,93.4496,93.44008,93.43003,93.41944,93.40827,93.39649,93.38407,93.37098,93.35717,93.34261,93.32725,93.31106,93.294,93.276,93.25702,93.23702,93.21593,93.19369,93.17025,93.14554,93.11949,93.09204,93.06309,93.03259,93.00043,92.96655,92.93083,92.89319,92.85353,92.81174,92.7677,92.7213,92.67241,92.62091,92.56666,92.50952,92.44933,92.38594,92.31918,92.24889,92.17487,92.09695,92.01492,91.92858,91.83771,91.74208,91.64146,91.5356,91.42424,91.30712,91.18396,91.05446,90.91832,90.77522,90.62485,90.46686,90.3009,90.1266,89.94359,89.75148,89.54987,89.33834,89.11647,88.88382,88.63994,88.38437,88.11663,87.83626,87.54275,87.23562,86.91435,86.57845,86.2274,85.86068,85.47778,85.07819,84.66139,84.22689,83.77418,83.3028,82.81226,82.30213,81.77196,81.22137,80.64996,80.05741,79.44341,78.80768,78.15002,77.47025,76.76825,76.04397,75.2974,74.52861,73.73774,72.92501,72.09068,71.23513,70.35881,69.46222,68.546,67.61082,66.65747,65.6868,64.69977,63.69739,62.68075,61.65104,60.60949,59.5574,58.49613,57.42708,56.35171,55.27151,54.18799,53.10267,52.01711,50.93285,49.85142,48.77435,47.70313,46.63922,45.58405,44.53899,43.50536,42.48443,41.47738,40.48533,39.50934,38.55037,37.6093,36.68695,35.78403,34.90118,34.03895,33.19781,32.37815,31.58028,30.80443,30.05076,29.31936,28.61026,27.9234,27.2587,26.616,25.99509,25.39573,24.81761,24.26042,23.72378,23.2073,22.71056,22.23311,21.7745,21.33424,20.91185,20.50683,20.11866,19.74683,19.39083,19.05015,18.72428,18.41269,18.11489,17.83038,17.55866,17.29926,17.0517,16.81552,16.59025,16.37547,16.17074,15.97565,15.78978,15.61274,15.44416,15.28367,15.1309,14.98552,14.8472,14.71561,14.59046,14.47144
I140A,96.69579,96.69555,96.69531,96.69505,96.69479,96.69451,96.69421,96.6939,96.69358,96.69324,96.69288,96.6925,96.69211,96.6917,96.69127,96.69081,96.69034,96.68984,96.68931,96.68876,96.68819,96.68758,96.68695,96.68628,96.68559,96.68485,96.68409,96.68328,96.68244,96.68155,96.68062,96.67964,96.67862,96.67755,96.67642,96.67524,96.674,96.67271,96.67134,96.66991,96.66841,96.66684,96.66519,96.66346,96.66165,96.65974,96.65774,96.65565,96.65345,96.65115,96.64873,96.64619,96.64353,96.64074,96.63781,96.63474,96.63152,96.62815,96.6246,96.62089,96.61699,96.6129,96.60861,96.60411,96.59939,96.59444,96.58925,96.58381,96.5781,96.57211,96.56583,96.55924,96.55233,96.54508,96.53748,96.52951,96.52115,96.51238,96.50318,96.49353,96.48342,96.47281,96.46169,96.45002,96.43778,96.42495,96.4115,96.39739,96.38259,96.36707,96.3508,96.33374,96.31586,96.2971,96.27743,96.25681,96.23519,96.21253,96.18876,96.16385,96.13773,96.11035,96.08165,96.05156,96.02002,95.98696,95.95232,95.916,95.87794,95.83805,95.79625,95.75245,95.70655,95.65845,95.60806,95.55527,95.49996,95.44202,95.38133,95.31777,95.25119,95.18147,95.10846,95.03201,94.95197,94.86818,94.78046,94.68865,94.59256,94.49201,94.3868,94.27672,94.16157,94.04113,93.91517,93.78346,93.64576,93.50182,93.35138,93.19417,93.02991,92.85834,92.67914,92.49204,92.2967,92.09283,91.88009,91.65816,91.4267,91.18536,90.93378,90.67162,90.39851,90.11407,89.81794,89.50974,89.18909,88.85561,88.50892,88.14865,87.7744,87.38581,86.9825,86.56412,86.1303,85.68071,85.215,84.73286,84.23398,83.71807,83.18487,82.63414,82.06566,81.47924,80.87472,80.25196,79.61089,78.95143,78.27359,77.57738,76.86288,76.13021,75.37954,74.61108,73.8251,73.02193,72.20195,71.36559,70.51334,69.64574,68.7634,67.86696,66.95715,66.03472,65.10049,64.1553,63.20008,62.23577,61.26335,60.28385
K104A,94.79252,94.7799,94.76661,94.7526,94.73784,94.72229,94.70591,94.68866,94.67048,94.65133,94.63116,94.60991,94.58752,94.56395,94.53911,94.51296,94.48541,94.45639,94.42583,94.39365,94.35976,94.32407,94.28649,94.24692,94.20525,94.16138,94.1152,94.06658,94.0154,93.96152,93.90481,93.84513,93.78232,93.71622,93.64667,93.57348,93.49649,93.4155,93.3303,93.24069,93.14645,93.04736,92.94317,92.83363,92.71849,92.59748,92.47031,92.33669,92.19632,92.04888,91.89404,91.73146,91.56078,91.38164,91.19366,90.99644,90.78958,90.57267,90.34526,90.10692,89.85719,89.59561,89.32169,89.03495,88.73488,88.42099,88.09275,87.74965,87.39114,87.01671,86.62582,86.21792,85.79249,85.349,84.88691,84.40571,83.9049,83.38399,82.8425,82.27997,81.69598,81.09012,80.46203,79.81137,79.13785,78.44122,77.72128,76.97787,76.21091,75.42036,74.60627,73.76872,72.90791,72.02407,71.11754,70.18873,69.23813,68.26633,67.27398,66.26184,65.23074,64.1816,63.11544,62.03332,60.93643,59.82598,58.70329,57.56971,56.42669,55.27567,54.11819,52.9558,51.79006,50.62259,49.45498,48.28883,47.12576,45.96733,44.81511,43.67062,42.53534,41.4107,40.29808,39.19879,38.11408,37.04512,35.99302,34.95878,33.94336,32.94759,31.97224,31.01799,30.08544,29.17509,28.28737,27.42262,26.58111,25.76302,24.96846,24.19749,23.45009,22.72616,22.02558,21.34815,20.69362,20.06172,19.45211,18.86443,18.29828,17.75324,17.22886,16.72467,16.24017,15.77487,15.32825,14.89979,14.48895,14.0952,13.71801,13.35684,13.01115,12.68042,12.36413,12.06175,11.77278,11.49671,11.23307,10.98135,10.74111,10.51188,10.29321,10.08467,9.88584,9.69632,9.5157,9.34361,9.17968,9.02355,8.87487,8.73332,8.59858,8.47033,8.34829,8.23217,8.12171,8.01662,7.91668,7.82163,7.73125,7.64532,7.56362,7.48597,7.41215,7.34199,7.27532,7.21196,7.15175,7.09455,7.0402,6.98857
K104E,88.68771,88.67089,88.65325,88.63475,88.61537,88.59505,88.57375,88.55143,88.52802,88.5035,88.47779,88.45085,88.42261,88.39301,88.362,88.3295,88.29544,88.25975,88.22236,88.18318,88.14213,88.09912,88.05406,88.00686,87.95742,87.90562,87.85138,87.79456,87.73506,87.67275,87.60751,87.53919,87.46766,87.39278,87.3144,87.23235,87.14648,87.05662,86.96258,86.8642,86.76126,86.65359,86.54097,86.4232,86.30004,86.17128,86.03668,85.89599,85.74896,85.59534,85.43485,85.26722,85.09216,84.90938,84.71858,84.51945,84.31167,84.09491,83.86885,83.63314,83.38744,83.1314,82.86465,82.58683,82.29758,81.99651,81.68326,81.35744,81.01867,80.66658,80.30078,79.9209,79.52656,79.1174,78.69304,78.25315,77.79736,77.32535,76.83681,76.33142,75.80891,75.26902,74.71149,74.13612,73.54272,72.93113,72.30122,71.65291,70.98615,70.30091,69.59724,68.8752,68.13492,67.37656,66.60035,65.80655,64.99549,64.16756,63.32318,62.46284,61.58709,60.69652,59.7918,58.87362,57.94275,57,56.04623,55.08233,54.10926,53.128,52.13957,51.14502,50.14543,49.1419,48.13555,47.12751,46.11892,45.11092,44.10465,43.10124,42.1018,41.10745,40.11925,39.13825,38.16548,37.20191,36.2485,35.30614,34.3757,33.45797,32.55372,31.66365,30.78842,29.92862,29.08479,28.25743,27.44696,26.65376,25.87815,25.12041,24.38075,23.65934,22.9563,22.27169,21.60556,20.95788,20.32861,19.71764,19.12486,18.55011,17.99319,17.45389,16.93197,16.42717,15.9392,15.46775,15.01252,14.57316,14.14933,13.74068,13.34684,12.96745,12.60213,12.2505,11.91218,11.5868,11.27397,10.97332,10.68446,10.40703,10.14065,9.88497,9.63961,9.40424,9.17851,8.96207,8.75459,8.55575,8.36522,8.18271,8.00791,7.84053,7.68028,7.52689,7.38009,7.23961,7.10521,6.97665,6.85368,6.73608,6.62364,6.51613,6.41336,6.31512,6.22123,6.13151,6.04577,5.96385,5.88559,5.81083
L143A,89.67429,89.66545,89.65614,89.64633,89.636,89.62512,89.61365,89.60158,89.58886,89.57546,89.56135,89.54648,89.53083,89.51434,89.49697,89.47868,89.45941,89.43913,89.41776,89.39526,89.37156,89.34661,89.32033,89.29266,89.26353,89.23285,89.20055,89.16655,89.13075,89.09306,89.05339,89.01163,88.96767,88.9214,88.8727,88.82146,88.76752,88.71077,88.65105,88.58823,88.52213,88.45259,88.37945,88.30251,88.2216,88.13652,88.04706,87.95299,87.85411,87.75018,87.64094,87.52614,87.40553,87.27881,87.14571,87.00592,86.85914,86.70503,86.54327,86.37351,86.19538,86.00852,85.81255,85.60705,85.39164,85.16588,84.92934,84.68159,84.42215,84.15058,83.8664,83.56911,83.25823,82.93326,82.59369,82.23901,81.86871,81.48227,81.07918,80.65891,80.22097,79.76485,79.29005,78.7961,78.28252,77.74886,77.1947,76.61964,76.02329,75.40531,74.7654,74.10328,73.41874,72.71158,71.9817,71.22902,70.45353,69.65529,68.83441,67.99108,67.12558,66.23825,65.3295,64.39984,63.44984,62.48017,61.49158,60.4849,59.46104,58.42098,57.3658,56.29662,55.21466,54.12119,53.01754,51.9051,50.78528,49.65957,48.52946,47.39647,46.26215,45.12805,43.99571,42.86666,41.74243,40.62451,39.51435,38.41338,37.32297,36.24442,35.179,34.12789,33.09221,32.073,31.07124,30.08781,29.12351,28.17908,27.25515,26.35228,25.47094,24.61155,23.77441,22.95978,22.16782,21.39864,20.65227,19.92869,19.22781,18.54949,17.89354,17.25972,16.64776,16.05734,15.4881,14.93965,14.41159,13.90349,13.41488,12.9453,12.49426,12.06126,11.6458,11.24736,10.86544,10.49951,10.14907,9.81359,9.49256,9.1855,8.89188,8.61123,8.34307,8.08691,7.84231,7.6088,7.38594,7.17331,6.97049,6.77708,6.59267,6.4169,6.24938,6.08978,5.93773,5.79291,5.65501,5.5237,5.3987,5.27972,5.16649,5.05875,4.95623,4.85871,4.76594,4.67771,4.5938,4.51401,4.43814,4.36602
L152A,86.47904,86.47903,86.47903,86.47902,86.47901,86.47901,86.479,86.47899,86.47899,86.47898,86.47897,86.47896,86.47895,86.47894,86.47893,86.47892,86.4789,86.47889,86.47887,86.47886,86.47884,86.47882,86.4788,86.47878,86.47875,86.47873,86.4787,86.47867,86.47864,86.47861,86.47857,86.47853,86.47849,86.47845,86.4784,86.47835,86.47829,86.47823,86.47817,86.4781,86.47803,86.47795,86.47787,86.47778,86.47768,86.47758,86.47746,86.47734,86.47722,86.47708,86.47693,86.47677,86.4766,86.47642,86.47622,86.47601,86.47579,86.47554,86.47528,86.475,86.47471,86.47438,86.47404,86.47367,86.47327,86.47285,86.47239,86.4719,86.47137,86.47081,86.4702,86.46955,86.46885,86.4681,86.4673,86.46643,86.46551,86.46451,86.46345,86.4623,86.46107,86.45976,86.45834,86.45683,86.4552,86.45345,86.45158,86.44956,86.4474,86.44509,86.4426,86.43994,86.43707,86.434,86.43071,86.42717,86.42338,86.41931,86.41495,86.41026,86.40524,86.39984,86.39406,86.38785,86.38119,86.37405,86.36639,86.35817,86.34935,86.3399,86.32975,86.31887,86.3072,86.29469,86.28126,86.26687,86.25143,86.23488,86.21713,86.19811,86.17771,86.15584,86.1324,86.10727,86.08034,86.05149,86.02056,85.98743,85.95194,85.91392,85.87321,85.8296,85.78292,85.73294,85.67944,85.62219,85.56094,85.49543,85.42536,85.35044,85.27036,85.18479,85.09337,84.99574,84.89152,84.78029,84.66164,84.53511,84.40026,84.25659,84.10361,83.9408,83.76763,83.58355,83.388,83.18042,82.96021,82.72679,82.47957,82.21796,81.94138,81.64925,81.34103,81.01616,80.67414,80.3145,79.9368,79.54067,79.12577,78.69186,78.23875,77.76635,77.27464,76.76371,76.23377,75.68513,75.11821,74.53358,73.93191,73.31401,72.68081,72.03337,71.37288,70.70062,70.01799,69.3265,68.62772,67.92329,67.21493,66.50438,65.79339,65.08375,64.37721,63.67549,62.98026,62.29315,61.6157,60.94934,60.29543,59.6552
L73A,99.51571,99.51549,99.51526,99.51501,99.51474,99.51446,99.51417,99.51385,99.51352,99.51316,99.51279,99.51239,99.51196,99.51151,99.51103,99.51052,99.50998,99.50941,99.5088,99.50816,99.50747,99.50675,99.50597,99.50515,99.50428,99.50336,99.50238,99.50134,99.50023,99.49906,99.49781,99.49649,99.49508,99.49359,99.49201,99.49033,99.48854,99.48665,99.48464,99.4825,99.48024,99.47783,99.47528,99.47256,99.46969,99.46663,99.46339,99.45994,99.45629,99.45241,99.44829,99.44392,99.43927,99.43435,99.42912,99.42356,99.41767,99.41141,99.40477,99.39772,99.39024,99.3823,99.37387,99.36492,99.35542,99.34534,99.33464,99.32328,99.31122,99.29843,99.28485,99.27044,99.25515,99.23891,99.22169,99.20341,99.18401,99.16343,99.14159,99.11841,99.09382,99.06773,99.04005,99.01068,98.97952,98.94647,98.91141,98.87422,98.83477,98.79293,98.74855,98.70149,98.65159,98.59868,98.54257,98.48309,98.42004,98.3532,98.28236,98.20728,98.12772,98.04343,97.95412,97.85952,97.75931,97.6532,97.54084,97.42189,97.29598,97.16273,97.02173,96.87257,96.71481,96.54798,96.37161,96.1852,95.98823,95.78016,95.56043,95.32846,95.08365,94.82536,94.55298,94.26582,93.96323,93.64449,93.30892,92.95577,92.58432,92.19383,91.78354,91.35271,90.90058,90.42639,89.92942,89.40893,88.86421,88.29457,87.69936,87.07794,86.42974,85.75423,85.05092,84.3194,83.55932,82.77043,81.95254,81.10558,80.22955,79.32459,78.39094,77.42896,76.43913,75.42209,74.37859,73.30952,72.21591,71.09894,69.95989,68.80022,67.62148,66.42536,65.21366,63.98828,62.75121,61.50453,60.25038,58.99095,57.72848,56.46522,55.20343,53.94535,52.69321,51.44919,50.21542,48.99393,47.78671,46.59562,45.42242,44.26878,43.13621,42.02611,40.93974,39.87824,38.84259,37.83364,36.8521,35.89857,34.97349,34.07719,33.20987,32.37163,31.56245,30.78223,30.03075,29.30773,28.6128,27.94553,27.30542,26.69192
L77A,91.81969,91.81969,91.81969,91.81969,91.81969,91.81968,91.81968,91.81968,91.81967,91.81967,91.81967,91.81966,91.81966,91.81966,91.81965,91.81965,91.81964,91.81964,91.81963,91.81962,91.81962,91.81961,91.8196,91.81959,91.81958,91.81957,91.81956,91.81954,91.81953,91.81952,91.8195,91.81948,91.81946,91.81944,91.81942,91.8194,91.81937,91.81934,91.81931,91.81928,91.81924,91.8192,91.81916,91.81912,91.81907,91.81902,91.81896,91.8189,91.81883,91.81876,91.81868,91.81859,91.8185,91.8184,91.81829,91.81818,91.81805,91.81791,91.81776,91.8176,91.81743,91.81724,91.81704,91.81682,91.81658,91.81632,91.81604,91.81574,91.81542,91.81506,91.81468,91.81427,91.81382,91.81333,91.81281,91.81224,91.81163,91.81096,91.81024,91.80946,91.80862,91.80771,91.80672,91.80565,91.80449,91.80324,91.80189,91.80042,91.79884,91.79712,91.79526,91.79325,91.79108,91.78872,91.78618,91.78342,91.78044,91.77721,91.77372,91.76995,91.76586,91.76144,91.75666,91.75148,91.74589,91.73983,91.73328,91.7262,91.71854,91.71025,91.70129,91.6916,91.68111,91.66978,91.65753,91.64428,91.62996,91.61448,91.59775,91.57967,91.56014,91.53903,91.51623,91.4916,91.46501,91.43629,91.40529,91.37184,91.33574,91.29679,91.25479,91.20951,91.16069,91.1081,91.05144,90.99044,90.92478,90.85415,90.7782,90.69657,90.60888,90.51475,90.41376,90.30548,90.18948,90.06529,89.93246,89.7905,89.63894,89.47728,89.30505,89.12176,88.92695,88.72015,88.50093,88.2689,88.02368,87.76494,87.49242,87.20591,86.90526,86.59041,86.26139,85.91831,85.5614,85.19098,84.80749,84.4115,84.00368,83.58481,83.15581,82.71769,82.27157,81.81865,81.36023,80.89765,80.43234,79.96571,79.49924,79.03437,78.57255,78.11515,77.66354,77.21898,76.78265,76.35567,75.93902,75.53358,75.14013,74.7593,74.39164,74.03757,73.69739,73.37129,73.05938,72.76166,72.47806,72.20841,71.9525,71.71003
P84A,95.85601,95.85601,95.85601,95.85601,95.85601,95.85601,95.85601,95.85601,95.85601,95.85601,95.85601,95.85601,95.85601,95.85601,95.85601,95.85601,95.85601,95.85601,95.85601,95.85601,95.85601,95.85601,95.85601,95.85601,95.85601,95.85601,95.85601,95.85601,95.85601,95.85601,95.85601,95.85601,95.85601,95.85601,95.85601,95.85601,95.85601,95.85601,95.85601,95.85601,95.85601,95.85601,95.85601,95.85601,95.85601,95.85601,95.85601,95.85601,95.85601,95.85601,95.85601,95.85601,95.85601,95.85601,95.85601,95.85601,95.85601,95.85601,95.85601,95.85601,95.85601,95.85601,95.85601,95.85601,95.85601,95.85601,95.85601,95.85601,95.85601,95.85601,95.85601,95.85601,95.85601,95.85601,95.85601,95.85601,95.85601,95.85601,95.85601,95.85601,95.85601,95.85601,95.85601,95.85601,95.85601,95.85601,95.85601,95.85601,95.85601,95.85601,95.85601,95.85601,95.85601,95.85601,95.85601,95.85601,95.85601,95.85601,95.85601,95.85601,95.85601,95.85601,95.85601,95.85601,95.85601,95.85601,95.85601,95.85601,95.85601,95.85601,95.85601,95.85601,95.85601,95.85601,95.85601,95.85601,95.85601,95.85601,95.85601,95.85601,95.85601,95.85601,95.85601,95.85601,95.85601,95.85601,95.85601,95.85601,95.85601,95.85601,95.85601,95.85601,95.85601,95.85601,95.85601,95.85601,95.85601,95.85601,95.85601,95.85601,95.85601,95.85601,95.85601,95.85601,95.85601,95.85601,95.85601,95.85601,95.85601,95.85601,95.85601,95.85601,95.85601,95.85601,95.85601,95.85601,95.85601,95.85601,95.85601,95.85601,95.85601,95.85601,95.85601,95.85601,95.85601,95.85601,95.85601,95.85601,95.85601,95.85601,95.85601,95.85601,95.85601,95.85601,95.85601,95.85601,95.85601,95.85601,95.85601,95.85601,95.85601,95.85601,95.85601,95.85601,95.85601,95.85601,95.85601,95.85601,95.85601,95.85601,95.85601,95.85601,95.85601,95.85601,95.85601,95.85601,95.85601,95.85601,95.85601,95.85601
Q145A,85.70223,85.68506,85.66719,85.64857,85.62919,85.609,85.58799,85.5661,85.54331,85.51958,85.49487,85.46914,85.44235,85.41447,85.38543,85.3552,85.32373,85.29097,85.25687,85.22137,85.18441,85.14595,85.10591,85.06424,85.02088,84.97574,84.92877,84.87989,84.82903,84.7761,84.72104,84.66374,84.60414,84.54213,84.47762,84.41053,84.34074,84.26816,84.19267,84.11417,84.03255,83.94769,83.85945,83.76773,83.67239,83.57329,83.4703,83.36327,83.25207,83.13653,83.0165,82.89182,82.76233,82.62786,82.48823,82.34327,82.1928,82.03662,81.87454,81.70637,81.5319,81.35094,81.16327,80.96868,80.76695,80.55786,80.34118,80.11669,79.88415,79.64334,79.394,79.13591,78.86881,78.59248,78.30666,78.0111,77.70558,77.38983,77.06362,76.72671,76.37885,76.01982,75.64937,75.26729,74.87335,74.46734,74.04905,73.61829,73.17485,72.71857,72.24928,71.76682,71.27105,70.76186,70.23912,69.70276,69.15269,68.58887,68.01126,67.41986,66.81467,66.19574,65.56312,64.91692,64.25724,63.58423,62.89807,62.19896,61.48712,60.76283,60.02638,59.27808,58.51831,57.74743,56.96588,56.17409,55.37253,54.56172,53.74218,52.91447,52.07917,51.23688,50.38824,49.53389,48.6745,47.81074,46.94332,46.07294,45.20033,44.32621,43.4513,42.57635,41.70208,40.82924,39.95853,39.0907,38.22644,37.36645,36.51141,35.66201,34.81888,33.98265,33.15394,32.33332,31.52137,30.71861,29.92554,29.14265,28.37039,27.60918,26.8594,26.12142,25.39556,24.68212,23.98137,23.29354,22.61884,21.95746,21.30953,20.67517,20.05449,19.44755,18.85438,18.27502,17.70944,17.15762,16.61951,16.09504,15.58412,15.08665,14.6025,14.13154,13.67361,13.22854,12.79617,12.3763,11.96873,11.57326,11.18968,10.81777,10.45729,10.10802,9.76972,9.44216,9.12509,8.81828,8.52146,8.23442,7.95688,7.68862,7.4294,7.17896,6.93706,6.70348,6.47798,6.26032,6.05027,5.84761,5.65212,5.46358
R150E,90.58546,90.57263,90.55929,90.54544,90.53104,90.51608,90.50053,90.48438,90.4676,90.45017,90.43206,90.41324,90.39369,90.37337,90.35227,90.33035,90.30758,90.28392,90.25934,90.23382,90.2073,90.17976,90.15115,90.12144,90.09057,90.05852,90.02524,89.99067,89.95477,89.91749,89.87878,89.83858,89.79685,89.75351,89.70853,89.66182,89.61333,89.563,89.51075,89.45652,89.40024,89.34182,89.2812,89.21829,89.15301,89.08528,89.01501,88.9421,88.86648,88.78803,88.70667,88.62228,88.53478,88.44404,88.34996,88.25242,88.15132,88.04652,87.9379,87.82535,87.70872,87.58789,87.46272,87.33307,87.1988,87.05976,86.9158,86.76678,86.61253,86.45291,86.28774,86.11687,85.94013,85.75735,85.56836,85.37299,85.17106,84.96239,84.74682,84.52415,84.2942,84.0568,83.81176,83.55891,83.29805,83.02901,82.75161,82.46567,82.171,81.86745,81.55484,81.23299,80.90176,80.56097,80.21048,79.85014,79.4798,79.09935,78.70865,78.30758,77.89605,77.47396,77.04122,76.59776,76.14353,75.67847,75.20257,74.71579,74.21815,73.70966,73.19036,72.66029,72.11953,71.56817,71.00631,70.4341,69.85167,69.25921,68.65691,68.04497,67.42364,66.79317,66.15385,65.50597,64.84986,64.18585,63.51432,62.83564,62.15021,61.45846,60.76082,60.05775,59.3497,58.63718,57.92066,57.20067,56.47771,55.75231,55.02501,54.29634,53.56684,52.83708,52.10758,51.37889,50.65156,49.92613,49.20313,48.48308,47.76651,47.05391,46.3458,45.64264,44.94491,44.25307,43.56754,42.88875,42.2171,41.55297,40.89674,40.24872,39.60927,38.97866,38.35718,37.7451,37.14264,36.55002,35.96744,35.39506,34.83304,34.28152,33.74059,33.21035,32.69088,32.18222,31.68441,31.19746,30.72139,30.25616,29.80176,29.35814,28.92523,28.50297,28.09127,27.69005,27.29918,26.91857,26.54808,26.18758,25.83694,25.496,25.16461,24.84262,24.52987,24.22617,23.93137,23.6453,23.36776,23.09859,22.83761,22.58463
S76A,91.82882,91.82672,91.82451,91.82218,91.81974,91.81718,91.81449,91.81166,91.80869,91.80557,91.80229,91.79884,91.79523,91.79142,91.78743,91.78324,91.77883,91.7742,91.76934,91.76424,91.75887,91.75324,91.74732,91.74111,91.73458,91.72772,91.72052,91.71295,91.705,91.69666,91.68789,91.67868,91.66901,91.65885,91.64818,91.63698,91.62521,91.61285,91.59987,91.58624,91.57192,91.55689,91.5411,91.52452,91.50711,91.48883,91.46963,91.44947,91.4283,91.40608,91.38274,91.35824,91.33251,91.30551,91.27715,91.24739,91.21614,91.18334,91.14891,91.11278,91.07484,91.03503,90.99325,90.9494,90.90339,90.85511,90.80445,90.75129,90.69552,90.63702,90.57565,90.51127,90.44376,90.37295,90.29869,90.22082,90.13919,90.0536,89.96388,89.86984,89.77128,89.66799,89.55978,89.4464,89.32764,89.20325,89.07299,88.9366,88.79382,88.64437,88.48797,88.32432,88.15313,87.97408,87.78686,87.59112,87.38654,87.17276,86.94943,86.71619,86.47265,86.21845,85.95319,85.67649,85.38793,85.08713,84.77367,84.44713,84.10712,83.75321,83.38499,83.00205,82.60399,82.1904,81.76089,81.31508,80.85258,80.37306,79.87615,79.36154,78.82892,78.278,77.70855,77.12033,76.51314,75.88684,75.24129,74.57643,73.89222,73.18866,72.46581,71.7238,70.96277,70.18296,69.38464,68.56815,67.73389,66.88231,66.01394,65.12937,64.22924,63.31426,62.3852,61.44289,60.4882,59.52209,58.54552,57.55955,56.56525,55.56373,54.55614,53.54367,52.52752,51.50891,50.48908,49.46925,48.45067,47.43458,46.42218,45.41469,44.41329,43.41912,42.4333,41.45691,40.49098,39.5365,38.59441,37.66558,36.75085,35.85098,34.96669,34.09861,33.24733,32.41336,31.59718,30.79918,30.01969,29.25899,28.51731,27.7948,27.09157,26.40769,25.74316,25.09795,24.47198,23.86512,23.27723,22.70809,22.1575,21.62519,21.11089,20.61428,20.13505,19.67285,19.22732,18.79809,18.38478,17.98698,17.6043,17.23633
T105A,90.47216,90.42792,90.38227,90.33517,90.28659,90.23646,90.18474,90.1314,90.07636,90.0196,89.96104,89.90065,89.83835,89.77411,89.70785,89.63952,89.56905,89.49639,89.42147,89.34422,89.26457,89.18246,89.09781,89.01054,88.92059,88.82788,88.73232,88.63384,88.53235,88.42777,88.32001,88.20898,88.0946,87.97677,87.8554,87.73038,87.60163,87.46904,87.3325,87.19192,87.04719,86.8982,86.74483,86.58699,86.42455,86.2574,86.08542,85.90849,85.72649,85.53931,85.3468,85.14886,84.94535,84.73615,84.52112,84.30013,84.07307,83.83978,83.60014,83.35402,83.10128,82.8418,82.57542,82.30203,82.02148,81.73365,81.4384,81.1356,80.82513,80.50684,80.18062,79.84635,79.50389,79.15313,78.79396,78.42625,78.04991,77.66482,77.27088,76.86799,76.45607,76.03503,75.60479,75.16527,74.7164,74.25813,73.7904,73.31316,72.82639,72.33004,71.82411,71.30857,70.78343,70.24871,69.70441,69.15057,68.58724,68.01446,67.4323,66.84084,66.24016,65.63038,65.01161,64.38397,63.7476,63.10266,62.44932,61.78775,61.11815,60.44074,59.75571,59.06332,58.3638,57.65742,56.94443,56.22514,55.49983,54.7688,54.03237,53.29088,52.54464,51.79402,51.03937,50.28104,49.5194,48.75484,47.98774,47.21847,46.44744,45.67505,44.90168,44.12773,43.35362,42.57974,41.8065,41.03428,40.2635,39.49455,38.72781,37.96368,37.20253,36.44475,35.69069,34.94073,34.1952,33.45447,32.71886,31.98869,31.26429,30.54596,29.83398,29.12864,28.4302,27.73894,27.05507,26.37885,25.71048,25.05018,24.39812,23.7545,23.11947,22.49319,21.8758,21.26742,20.66817,20.07814,19.49743,18.92611,18.36424,17.81187,17.26906,16.73581,16.21216,15.69811,15.19366,14.69879,14.2135,13.73774,13.27147,12.81466,12.36724,11.92916,11.50035,11.08072,10.67021,10.26871,9.87615,9.49242,9.11741,8.75104,8.39317,8.04371,7.70252,7.3695,7.04452,6.72745,6.41817,6.11655,5.82245,5.53576
T141A,96.08822,96.06928,96.04954,96.02897,96.00752,95.98517,95.96187,95.93759,95.91228,95.8859,95.85841,95.82977,95.79991,95.7688,95.73638,95.7026,95.66739,95.63071,95.59249,95.55267,95.51118,95.46796,95.42293,95.37601,95.32714,95.27624,95.22321,95.16798,95.11046,95.05055,94.98816,94.92319,94.85553,94.78509,94.71174,94.63538,94.55589,94.47314,94.387,94.29735,94.20405,94.10695,94.00591,93.90079,93.79142,93.67765,93.55931,93.43622,93.30822,93.17512,93.03674,92.89287,92.74333,92.58791,92.4264,92.25859,92.08425,91.90316,91.71508,91.51979,91.31704,91.10657,90.88815,90.6615,90.42637,90.18249,89.92958,89.66738,89.3956,89.11395,88.82216,88.51994,88.20699,87.88302,87.54774,87.20086,86.84208,86.47111,86.08766,85.69145,85.28219,84.85961,84.42342,83.97337,83.5092,83.03065,82.5375,82.0295,81.50646,80.96816,80.41443,79.84509,79.26,78.65904,78.04209,77.40907,76.75992,76.09461,75.41313,74.71551,74.00179,73.27207,72.52646,71.7651,70.98819,70.19595,69.38863,68.56652,67.72996,66.87931,66.01499,65.13742,64.2471,63.34454,62.4303,61.50496,60.56915,59.62351,58.66875,57.70557,56.73471,55.75695,54.77308,53.78392,52.79028,51.79303,50.79301,49.7911,48.78817,47.7851,46.78277,45.78206,44.78383,43.78896,42.79828,41.81264,40.83286,39.85973,38.89404,37.93652,36.98792,36.04892,35.12019,34.20236,33.29604,32.40178,31.52012,30.65154,29.79651,28.95544,28.12872,27.31667,26.51962,25.73782,24.97151,24.22089,23.48612,22.76732,22.06458,21.37798,20.70754,20.05327,19.41514,18.79311,18.18708,17.59697,17.02266,16.464,15.92082,15.39296,14.88022,14.38238,13.89923,13.43053,12.97603,12.53547,12.1086,11.69515,11.29483,10.90737,10.53247,10.16986,9.81924,9.48031,9.15279,8.83637,8.53078,8.23571,7.95088,7.67601,7.4108,7.15497,6.90826,6.67038,6.44108,6.22007,6.00711,5.80194,5.60431,5.41397
V144A,86.55123,86.53876,86.52568,86.51198,86.49763,86.48258,86.46681,86.45028,86.43297,86.41482,86.3958,86.37587,86.35499,86.33311,86.31018,86.28616,86.26099,86.23462,86.20699,86.17804,86.14772,86.11595,86.08268,86.04782,86.0113,85.97306,85.933,85.89105,85.84711,85.80109,85.75291,85.70246,85.64963,85.59431,85.5364,85.47578,85.41232,85.3459,85.27637,85.20361,85.12747,85.04779,84.96443,84.87722,84.78598,84.69055,84.59075,84.48637,84.37724,84.26314,84.14386,84.01918,83.88889,83.75274,83.61049,83.46191,83.30672,83.14466,82.97546,82.79885,82.61452,82.42219,82.22156,82.01229,81.79409,81.56663,81.32956,81.08255,80.82526,80.55734,80.27843,79.98817,79.68619,79.37214,79.04565,78.70634,78.35384,77.9878,77.60784,77.21362,76.80476,76.38093,75.94178,75.48699,75.01624,74.52922,74.02566,73.50529,72.96786,72.41314,71.84094,71.25109,70.64344,70.01788,69.37435,68.71281,68.03325,67.33572,66.62031,65.88715,65.13641,64.36833,63.58319,62.78131,61.96308,61.12893,60.27934,59.41487,58.53611,57.6437,56.73834,55.82077,54.8918,53.95227,53.00305,52.04508,51.0793,50.10673,49.12838,48.14529,47.15855,46.16923,45.17843,44.18726,43.19682,42.20821,41.22252,40.24085,39.26424,38.29375,37.33038,36.37512,35.42892,34.4927,33.56731,32.65359,31.75232,30.86423,29.99,29.13026,28.2856,27.45652,26.64351,25.84698,25.0673,24.30478,23.55968,22.83222,22.12255,21.4308,20.75704,20.1013,19.46356,18.84379,18.24188,17.65773,17.09118,16.54205,16.01014,15.49521,14.99701,14.51526,14.04969,13.59997,13.16579,12.74682,12.34271,11.95311,11.57768,11.21604,10.86783,10.53269,10.21024,9.90012,9.60195,9.31539,9.04005,8.77559,8.52165,8.27789,8.04395,7.8195,7.60421,7.39776,7.19984,7.01012,6.82831,6.65411,6.48725,6.32743,6.1744,6.02788,5.88762,5.75339,5.62493,5.50201,5.38442,5.27194,5.16436,5.06148
V60A,90.9614,90.96129,90.96118,90.96105,90.96092,90.96078,90.96062,90.96046,90.96029,90.9601,90.9599,90.95969,90.95947,90.95923,90.95897,90.9587,90.9584,90.95809,90.95776,90.9574,90.95702,90.95661,90.95618,90.95572,90.95522,90.9547,90.95413,90.95353,90.95289,90.95221,90.95148,90.9507,90.94986,90.94897,90.94802,90.94701,90.94593,90.94478,90.94354,90.94223,90.94082,90.93932,90.93772,90.93601,90.93419,90.93224,90.93016,90.92794,90.92558,90.92305,90.92035,90.91747,90.91439,90.91111,90.90761,90.90387,90.89987,90.89561,90.89106,90.88621,90.88103,90.8755,90.86959,90.86329,90.85657,90.84939,90.84173,90.83355,90.82482,90.81551,90.80557,90.79496,90.78364,90.77156,90.75867,90.74491,90.73024,90.71457,90.69786,90.68003,90.66101,90.64071,90.61905,90.59596,90.57131,90.54503,90.51699,90.48709,90.4552,90.42119,90.38492,90.34625,90.30502,90.26106,90.2142,90.16426,90.11102,90.05429,89.99384,89.92944,89.86083,89.78775,89.70992,89.62705,89.53882,89.44491,89.34496,89.23861,89.12549,89.00517,88.87724,88.74124,88.59672,88.44319,88.28012,88.107,87.92325,87.72831,87.52157,87.30241,87.0702,86.82426,86.56392,86.28849,85.99724,85.68947,85.36442,85.02137,84.65956,84.27826,83.87672,83.45423,83.01006,82.54353,82.05398,81.54079,81.00338,80.44123,79.85387,79.2409,78.602,77.93696,77.24564,76.52802,75.78417,75.01433,74.21882,73.39813,72.55288,71.68383,70.79189,69.87814,68.94377,67.99015,67.01877,66.03127,65.02938,64.01498,62.99005,61.95662,60.91684,59.87287,58.82693,57.78125,56.73806,55.69957,54.66795,53.6453,52.63366,51.63498,50.6511,49.68373,48.7345,47.80484,46.89609,46.00943,45.14588,44.30631,43.49147,42.70194,41.93815,41.20044,40.48897,39.80381,39.14491,38.51211,37.90517,37.32375,36.76743,36.23575,35.72815,35.24405,34.78282,34.34379,33.92626,33.52953,33.15286,32.79551,32.45674,32.13581
V86A,103.44515,103.41965,103.3931,103.36548,103.33672,103.3068,103.27566,103.24325,103.20953,103.17444,103.13792,103.09993,103.0604,103.01926,102.97647,102.93194,102.88562,102.83743,102.7873,102.73516,102.68092,102.62451,102.56583,102.5048,102.44134,102.37534,102.30671,102.23536,102.16116,102.08403,102.00384,101.92048,101.83383,101.74377,101.65017,101.5529,101.45182,101.3468,101.23769,101.12434,101.0066,100.88431,100.75731,100.62543,100.48849,100.34633,100.19876,100.04559,99.88664,99.72169,99.55057,99.37305,99.18893,98.99799,98.80001,98.59477,98.38203,98.16157,97.93315,97.69652,97.45144,97.19766,96.93493,96.66299,96.38159,96.09047,95.78936,95.47801,95.15615,94.82352,94.47985,94.12488,93.75835,93.38001,92.98959,92.58686,92.17155,91.74344,91.30228,90.84785,90.37994,89.89833,89.40283,88.89325,88.36942,87.83119,87.2784,86.71093,86.12869,85.53157,84.91951,84.29246,83.6504,82.99334,82.32129,81.6343,80.93247,80.21589,79.4847,78.73908,77.97921,77.20533,76.4177,75.61661,74.8024,73.97541,73.13605,72.28473,71.42191,70.54809,69.66377,68.76951,67.86588,66.9535,66.03299,65.105,64.17023,63.22936,62.28312,61.33224,60.37749,59.41961,58.45939,57.49761,56.53505,55.57251,54.61077,53.65062,52.69285,51.73823,50.78751,49.84146,48.90081,47.96628,47.03857,46.11835,45.20629,44.30301,43.40911,42.52518,41.65177,40.78938,39.9385,39.0996,38.27309,37.45936,36.65878,35.87167,35.09832,34.33898,33.5939,32.86327,32.14724,31.44597,30.75955,30.08807,29.43157,28.79008,28.1636,27.55211,26.95555,26.37387,25.80696,25.25473,24.71704,24.19375,23.68471,23.18974,22.70865,22.24125,21.78733,21.34668,20.91905,20.50423,20.10196,19.71201,19.33412,18.96803,18.6135,18.27025,17.93803,17.61657,17.30561,17.00489,16.71414,16.4331,16.16152,15.89913,15.64569,15.40093,15.16462,14.9365,14.71634,14.50389,14.29893,14.10122,13.91054,13.72667,13.5494,13.37851
WT,96.68619,96.67297,96.65906,96.64443,96.62904,96.61285,96.59582,96.5779,96.55906,96.53924,96.51839,96.49646,96.4734,96.44914,96.42363,96.3968,96.36858,96.33891,96.3077,96.27489,96.24039,96.20411,96.16596,96.12586,96.0837,96.03937,95.99278,95.9438,95.89232,95.83821,95.78134,95.72158,95.65878,95.59279,95.52346,95.45062,95.3741,95.29372,95.2093,95.12064,95.02753,94.92977,94.82714,94.71939,94.60631,94.48762,94.36308,94.23241,94.09534,93.95157,93.80079,93.6427,93.47698,93.30328,93.12125,92.93055,92.73079,92.5216,92.30259,92.07335,91.83346,91.58251,91.32006,91.04566,90.75886,90.4592,90.14622,89.81943,89.47835,89.12251,88.75141,88.36457,87.96149,87.5417,87.10471,86.65004,86.17723,85.68582,85.17537,84.64545,84.09566,83.52562,82.93496,82.32335,81.6905,81.03616,80.36009,79.66213,78.94213,78.20004,77.43581,76.64948,75.84115,75.01097,74.15917,73.28604,72.39196,71.47735,70.54274,69.58872,68.61594,67.62516,66.6172,65.59294,64.55335,63.49947,62.43239,61.35328,60.26335,59.16389,58.05621,56.94167,55.82168,54.69765,53.57104,52.4433,51.31589,50.19029,49.06794,47.95028,46.83872,45.73466,44.63942,43.55431,42.48058,41.41943,40.37198,39.33932,38.32244,37.32227,36.33967,35.37543,34.43025,33.50477,32.59954,31.71504,30.85168,30.00979,29.18964,28.39141,27.61523,26.86118,26.12925,25.4194,24.73152,24.06546,23.42103,22.79799,22.19605,21.61491,21.05422,20.51362,19.99271,19.49107,19.00826,18.54385,18.09737,17.66835,17.2563,16.86075,16.48121,16.11718,15.76819,15.43374,15.11336,14.80656,14.51287,14.23183,13.96298,13.70587,13.46006,13.22512,13.00063,12.78619,12.58138,12.38584,12.19917,12.02102,11.85102,11.68885,11.53416,11.38665,11.24599,11.1119,10.98408,10.86227,10.74619,10.63559,10.53022,10.42986,10.33427,10.24323,10.15654,10.074,9.99542,9.92061,9.84941,9.78163,9.71713,9.65574
Y62A,97.47923,97.47923,97.47923,97.47923,97.47923,97.47923,97.47923,97.47923,97.47923,97.47923,97.47923,97.47923,97.47923,97.47923,97.47923,97.47923,97.47923,97.47923,97.47923,97.47923,97.47923,97.47923,97.47923,97.47923,97.47923,97.47923,97.47923,97.47923,97.47923,97.47923,97.47923,97.47923,97.47923,97.47923,97.47923,97.47923,97.47923,97.47923,97.47923,97.47923,97.47923,97.47923,97.47923,97.47923,97.47923,97.47923,97.47923,97.47923,97.47923,97.47923,97.47923,97.47923,97.47922,97.47922,97.47922,97.47922,97.47922,97.47922,97.47922,97.47921,97.47921,97.47921,97.47921,97.4792,97.4792,97.4792,97.47919,97.47919,97.47918,97.47917,97.47917,97.47916,97.47915,97.47914,97.47912,97.47911,97.47909,97.47907,97.47905,97.47903,97.479,97.47897,97.47894,97.4789,97.47886,97.47881,97.47875,97.47869,97.47861,97.47853,97.47844,97.47833,97.47821,97.47808,97.47793,97.47776,97.47756,97.47734,97.47709,97.4768,97.47648,97.47612,97.47571,97.47524,97.47471,97.47412,97.47344,97.47267,97.4718,97.47082,97.46971,97.46845,97.46702,97.46541,97.46358,97.46151,97.45916,97.45651,97.4535,97.4501,97.44625,97.44189,97.43695,97.43136,97.42503,97.41787,97.40976,97.40058,97.39019,97.37844,97.36513,97.35008,97.33304,97.31377,97.29197,97.2673,97.23941,97.20787,97.1722,97.13189,97.08634,97.03486,96.97673,96.91108,96.83699,96.7534,96.65913,96.55288,96.4332,96.29848,96.14694,95.97664,95.78544,95.57099,95.33077,95.06205,94.76189,94.42719,94.05469,93.64097,93.18256,92.67594,92.11764,91.50433,90.83291,90.10067,89.30538,88.44548,87.52024,86.52986,85.47567,84.3602,83.18731,81.96215,80.69122,79.38221,78.04389,76.68589,75.31842,73.95199,72.59707,71.26379,69.96162,68.69914,67.48381,66.32186,65.21821,64.17643,63.19882,62.28646,61.43939,60.65666,59.9366,59.27686,58.67464,58.1268,57.62996,57.18063,56.77531,56.41052
Y81A,86.44908,86.44908,86.44908,86.44908,86.44908,86.44908,86.44908,86.44908,86.44908,86.44908,86.44908,86.44908,86.44908,86.44908,86.44908,86.44908,86.44908,86.44908,86.44908,86.44908,86.44908,86.44908,86.44908,86.44908,86.44908,86.44908,86.44908,86.44908,86.44908,86.44908,86.44908,86.44908,86.44908,86.44908,86.44908,86.44908,86.44908,86.44908,86.44908,86.44908,86.44908,86.44908,86.44908,86.44908,86.44908,86.44908,86.44908,86.44908,86.44908,86.44908,86.44908,86.44908,86.44908,86.44908,86.44908,86.44908,86.44908,86.44908,86.44908,86.44908,86.44908,86.44908,86.44908,86.44908,86.44908,86.44908,86.44908,86.44908,86.44908,86.44908,86.44908,86.44908,86.44908,86.44908,86.44908,86.44908,86.44908,86.44908,86.44908,86.44908,86.44908,86.44908,86.44909,86.44909,86.44909,86.44911,86.44915,86.44925,86.44948,86.45005,86.45143,86.45479,86.46293,86.48266,86.53028,86.64417,86.91072,87.50416,88.69018,90.62068,92.91287,94.80246,95.9453,96.51206,96.76554,96.87364,96.91881,96.93751,96.94523,96.94842,96.94973,96.95027,96.95049,96.95058,96.95062,96.95063,96.95064,96.95064,96.95064,96.95064,96.95064,96.95064,96.95064,96.95064,96.95064,96.95064,96.95064,96.95064,96.95064,96.95064,96.95064,96.95064,96.95064,96.95064,96.95064,96.95064,96.95064,96.95064,96.95064,96.95064,96.95064,96.95064,96.95064,96.95064,96.95064,96.95064,96.95064,96.95064,96.95064,96.95064,96.95064,96.95064,96.95064,96.95064,96.95064,96.95064,96.95064,96.95064,96.95064,96.95064,96.95064,96.95064,96.95064,96.95064,96.95064,96.95064,96.95064,96.95064,96.95064,96.95064,96.95064,96.95064,96.95064,96.95064,96.95064,96.95064,96.95064,96.95064,96.95064,96.95064,96.95064,96.95064,96.95064,96.95064,96.95064,96.95064,96.95064,96.95064,96.95064,96.95064,96.95064,96.95064,96.95064,96.95064,96.95064,96.95064,96.95064,96.95064,96.95064,96.95064
Y90A,97.09205,97.09205,97.09205,97.09205,97.09205,97.09205,97.09205,97.09205,97.09205,97.09205,97.09205,97.09205,97.09205,97.09205,97.09205,97.09205,97.09205,97.09205,97.09205,97.09205,97.09205,97.09205,97.09205,97.09205,97.09205,97.09205,97.09205,97.09205,97.09205,97.09205,97.09205,97.09205,97.09205,97.09206,97.09207,97.0921,97.09216,97.0923,97.09264,97.09342,97.09524,97.09948,97.10931,97.13208,97.18444,97.30292,97.56161,98.08487,98.99663,100.2377,101.46062,102.33653,102.83085,103.07304,103.18348,103.23218,103.25335,103.26249,103.26642,103.26811,103.26884,103.26915,103.26928,103.26934,103.26937,103.26938,103.26938,103.26938,103.26938,103.26938,103.26938,103.26939,103.26939,103.26939,103.26939,103.26939,103.26939,103.26939,103.26939,103.26939,103.26939,103.26939,103.26939,103.26939,103.26939,103.26939,103.26939,103.26939,103.26939,103.26939,103.26939,103.26939,103.26939,103.26939,103.26939,103.26939,103.26939,103.26939,103.26939,103.26939,103.26939,103.26939,103.26939,103.26939,103.26939,103.26939,103.26939,103.26939,103.26939,103.26939,103.26939,103.26939,103.26939,103.26939,103.26939,103.26939,103.26939,103.26939,103.26939,103.26939,103.26939,103.26939,103.26939,103.26939,103.26939,103.26939,103.26939,103.26939,103.26939,103.26939,103.26939,103.26939,103.26939,103.26939,103.26939,103.26939,103.26939,103.26939,103.26939,103.26939,103.26939,103.26939,103.26939,103.26939,103.26939,103.26939,103.26939,103.26939,103.26939,103.26939,103.26939,103.26939,103.26939,103.26939,103.26939,103.26939,103.26939,103.26939,103.26939,103.26939,103.26939,103.26939,103.26939,103.26939,103.26939,103.26939,103.26939,103.26939,103.26939,103.26939,103.26939,103.26939,103.26939,103.26939,103.26939,103.26939,103.26939,103.26939,103.26939,103.26939,103.26939,103.26939,103.26939,103.26939,103.26939,103.26939,103.26939,103.26939,103.26939,103.26939,103.26939,103.26939,103.26939,103.26939,103.26939,103.26939,103.26939,103.26939,103.26939,103.26939